No.,Object Name,RA,Dec,Object Type,cz (Velocity),Redshift (z),z flag,Reference,Note,Photometry,Position,Redshift,Diameter,Distances,Classification,Images,Spectra,ROW_IDX,ROW_NUM
1,"<a HREF=""#"" onclick=""getObjectSearchInfo(jQuery, 2, this); return false;"">NGC 0300</a>",13.722702,-37.684212,G,147,0.000491,SUN,916,14,105,58,27,18,74,94,60,3,0,0
2,"<a HREF=""#"" onclick=""getObjectSearchInfo(jQuery, 2, this); return false;"">IC 1613</a>",16.199167,2.117722,G,-234,-0.000781,SUN,770,14,52,39,16,7,106,82,58,4,1,1
3,"<a HREF=""#"" onclick=""getObjectSearchInfo(jQuery, 2, this); return false;"">ESO 352- G 057</a>",20.509977,-34.196751,G,5685,0.018963,SUN,117,2,36,13,10,18,29,26,8,1,2,2
4,"<a HREF=""#"" onclick=""getObjectSearchInfo(jQuery, 2, this); return false;"">IC 0126</a>",22.449443,-1.983748,G,5896,0.019667,SLS,72,0,39,17,12,5,16,14,2,1,3,3
5,"<a HREF=""#"" onclick=""getObjectSearchInfo(jQuery, 2, this); return false;"">NGC 0708</a>",28.193528,36.151828,G,4762,0.015886,SLS,287,10,123,49,42,9,19,18,5,0,4,4
6,"<a HREF=""#"" onclick=""getObjectSearchInfo(jQuery, 2, this); return false;"">NGC 0925</a>",36.820159,33.579124,G,553,0.001845,S1L,754,15,168,79,41,8,55,87,116,16,5,5
7,"<a HREF=""#"" onclick=""getObjectSearchInfo(jQuery, 2, this); return false;"">IC 1844</a>",41.455543,3.230991,G,6805,0.022699,S1L,82,0,38,18,17,3,31,27,2,4,6,6
8,"<a HREF=""#"" onclick=""getObjectSearchInfo(jQuery, 2, this); return false;"">ESO 300- G 009</a>",46.315861,-39.561298,G,6045,0.020164,SUN,112,1,19,9,7,15,34,26,4,1,7,7
9,"<a HREF=""#"" onclick=""getObjectSearchInfo(jQuery, 2, this); return false;"">NGC 1365</a>",53.401697,-36.140186,G,1636,0.005457,UUN,1334,35,408,129,149,25,66,91,77,24,8,8
10,"<a HREF=""#"" onclick=""getObjectSearchInfo(jQuery, 2, this); return false;"">NGC 1425</a>",55.547908,-29.893417,G,1512,0.005043,S1L,208,5,79,25,26,19,46,76,27,8,9,9
11,"<a HREF=""#"" onclick=""getObjectSearchInfo(jQuery, 2, this); return false;"">ESO 156- G 008</a>",55.752663,-53.637599,GPair,17598,0.058701,SUN,17,2,6,2,4,11,16,16,3,0,10,10
12,"<a HREF=""#"" onclick=""getObjectSearchInfo(jQuery, 2, this); return false;"">CGCG 307-023</a>",86.602567,63.359069,G,14690,0.049001,SUN,66,1,29,11,8,2,20,16,3,0,11,11
13,"<a HREF=""#"" onclick=""getObjectSearchInfo(jQuery, 2, this); return false;"">NGC 2090</a>",86.757910,-34.250224,G,922,0.003075,S1L,196,7,93,19,19,19,51,64,30,6,12,12
14,"<a HREF=""#"" onclick=""getObjectSearchInfo(jQuery, 2, this); return false;"">NGC 2403</a>",114.213742,65.602684,G,133,0.000445,UUN,1439,28,218,80,36,8,65,81,151,37,13,13
15,"<a HREF=""#"" onclick=""getObjectSearchInfo(jQuery, 2, this); return false;"">NGC 2541</a>",123.667279,49.061934,G,548,0.001828,UUN,323,12,111,43,32,12,45,66,64,10,14,14
16,"<a HREF=""#"" onclick=""getObjectSearchInfo(jQuery, 2, this); return false;"">NGC 3198</a>",154.979176,45.549816,G,660,0.002202,UUN,807,17,271,79,39,16,52,73,133,25,15,15
17,"<a HREF=""#"" onclick=""getObjectSearchInfo(jQuery, 2, this); return false;"">UGC 05691</a>",157.364582,22.007906,G,16318,0.054430,SLS,80,0,47,11,12,9,12,11,2,2,16,16
18,"<a HREF=""#"" onclick=""getObjectSearchInfo(jQuery, 2, this); return false;"">NGC 3319</a>",159.789388,41.686686,G,739,0.002465,UUN,343,12,122,48,34,14,50,79,54,8,17,17
19,"<a HREF=""#"" onclick=""getObjectSearchInfo(jQuery, 2, this); return false;"">NGC 3621</a>",169.568796,-32.813815,G,720,0.002403,SUN,503,11,199,70,32,18,47,59,93,22,18,18
20,"<a HREF=""#"" onclick=""getObjectSearchInfo(jQuery, 2, this); return false;"">NGC 4414</a>",186.613122,31.223526,G,708,0.002362,S1L,557,16,159,54,42,7,47,72,80,8,19,19
21,"<a HREF=""#"" onclick=""getObjectSearchInfo(jQuery, 2, this); return false;"">NGC 4495</a>",187.845507,29.136520,G,4570,0.015243,SLS,181,1,91,34,35,11,31,34,2,3,20,20
22,"<a HREF=""#"" onclick=""getObjectSearchInfo(jQuery, 2, this); return false;"">MESSIER 091</a>",188.860228,14.496372,G,486,0.001621,SUN,597,14,94,61,30,8,42,67,70,8,21,21
23,"<a HREF=""#"" onclick=""getObjectSearchInfo(jQuery, 2, this); return false;"">IC 3690</a>",190.705036,10.357494,G,7589,0.025314,SLS,135,1,81,31,24,9,31,32,2,3,22,22
24,"<a HREF=""#"" onclick=""getObjectSearchInfo(jQuery, 2, this); return false;"">NGC 4639</a>",190.718283,13.257440,G,1025,0.003419,SUN,691,18,132,57,43,8,76,86,33,7,23,23
25,"<a HREF=""#"" onclick=""getObjectSearchInfo(jQuery, 2, this); return false;"">NGC 4725</a>",192.610721,25.500766,G,1209,0.004033,S1L,679,18,273,85,42,12,48,75,123,29,24,24
26,"<a HREF=""#"" onclick=""getObjectSearchInfo(jQuery, 2, this); return false;"">IC 4182</a>",196.452920,37.603610,G,321,0.001071,SUN,318,7,47,30,16,4,52,78,36,3,25,25
27,"<a HREF=""#"" onclick=""getObjectSearchInfo(jQuery, 2, this); return false;"">CGCG 016-058</a>",200.377115,-2.145560,G,10363,0.034568,SLS,76,0,63,12,13,10,24,23,1,2,26,26
28,"<a HREF=""#"" onclick=""getObjectSearchInfo(jQuery, 2, this); return false;"">IC 4232</a>",200.843465,-26.109419,G,9426,0.031442,SUN,71,2,51,16,12,17,17,18,4,2,27,27
29,"<a HREF=""#"" onclick=""getObjectSearchInfo(jQuery, 2, this); return false;"">ESO 508- G 067</a>",201.043630,-23.877199,G,7464,0.024897,SLS,85,1,50,16,10,14,24,23,4,2,28,28
30,"<a HREF=""#"" onclick=""getObjectSearchInfo(jQuery, 2, this); return false;"">IC 4296</a>",204.162638,-33.965854,G,3737,0.012465,UUN,480,20,214,59,42,24,19,27,20,0,29,29
31,"<a HREF=""#"" onclick=""getObjectSearchInfo(jQuery, 2, this); return false;"">NGC 5253</a>",204.983150,-31.640101,G,407,0.001358,UUN,953,27,233,62,37,19,55,85,66,6,30,30
32,"<a HREF=""#"" onclick=""getObjectSearchInfo(jQuery, 2, this); return false;"">MCG +08-25-047</a>",207.703541,49.315068,G,8465,0.028235,SLS,66,0,41,9,5,6,28,22,1,0,31,31
33,"<a HREF=""#"" onclick=""getObjectSearchInfo(jQuery, 2, this); return false;"">CGCG 224-104</a>",252.463249,40.433506,G,8832,0.029460,SLS,75,0,82,16,13,10,14,13,1,1,32,32
34,"<a HREF=""#"" onclick=""getObjectSearchInfo(jQuery, 2, this); return false;"">CGCG 111-016</a>",258.893259,16.324927,G,9193,0.030665,SUN,75,0,39,10,7,4,25,19,2,0,33,33
35,"<a HREF=""#"" onclick=""getObjectSearchInfo(jQuery, 2, this); return false;"">IC 4919</a>",300.037693,-55.373394,G,4264,0.014224,S1L,66,2,9,7,5,11,19,22,3,0,34,34
36,"<a HREF=""#"" onclick=""getObjectSearchInfo(jQuery, 2, this); return false;"">ESO 234- G 069</a>",311.477858,-51.391345,G,4381,0.014615,S1L,101,2,46,10,12,16,29,28,4,1,35,35
37,"<a HREF=""#"" onclick=""getObjectSearchInfo(jQuery, 2, this); return false;"">NGC 7014</a>",316.967275,-47.178926,G,4857,0.016201,SUN,110,6,60,13,15,17,18,20,5,1,36,36
38,"<a HREF=""#"" onclick=""getObjectSearchInfo(jQuery, 2, this); return false;"">NGC 7331</a>",339.266927,34.415756,G,816,0.002722,SUN,1087,30,280,87,55,8,54,66,127,17,37,37
39,"<a HREF=""#"" onclick=""getObjectSearchInfo(jQuery, 2, this); return false;"">ESO 291- G 011</a>",348.800043,-44.736797,G,12981,0.043300,SLS,66,1,39,12,6,14,27,24,4,1,38,38
40,"<a HREF=""#"" onclick=""getObjectSearchInfo(jQuery, 2, this); return false;"">ESO 471- G 027</a>",357.959754,-27.965305,G,8803,0.029364,SUN,64,1,38,14,13,18,12,14,5,1,39,39
41,"<a HREF=""#"" onclick=""getObjectSearchInfo(jQuery, 2, this); return false;"">MESSIER 066</a>",170.062544,12.991614,G,722,0.002408,S1L,1366,26,365,133,66,11,79,101,126,48,40,40
42,"<a HREF=""#"" onclick=""getObjectSearchInfo(jQuery, 2, this); return false;"">MESSIER 101</a>",210.802267,54.348950,G,241,0.000804,S1L,1933,28,206,92,43,13,116,132,147,14,41,41
43,"<a HREF=""#"" onclick=""getObjectSearchInfo(jQuery, 2, this); return false;"">NGC 1326A</a>",51.285596,-36.364296,G,1831,0.006108,SUN,86,5,32,20,16,18,23,30,6,2,42,42
44,"<a HREF=""#"" onclick=""getObjectSearchInfo(jQuery, 2, this); return false;"">NGC 4373</a>",186.324216,-39.759776,G,3396,0.011328,SUN,118,6,62,10,15,19,15,20,7,1,43,43
45,"<a HREF=""#"" onclick=""getObjectSearchInfo(jQuery, 2, this); return false;"">NGC 4496A</a>",187.913768,3.939528,G,1730,0.005771,SUN,251,7,52,39,29,4,47,64,25,2,44,44
46,"<a HREF=""#"" onclick=""getObjectSearchInfo(jQuery, 2, this); return false;"">NGC 5193</a>",202.973065,-33.234289,G,3711,0.012379,SUN,119,5,58,20,20,17,18,28,5,1,45,45
47,"<a HREF=""#"" onclick=""getObjectSearchInfo(jQuery, 2, this); return false;"">MESSIER 031</a>",10.684799,41.269076,G,-297,-0.000991,SUN,5305,23,176,63,48,13,407,199,302,5,46,46
48,"<a HREF=""#"" onclick=""getObjectSearchInfo(jQuery, 2, this); return false;"">MESSIER 033</a>",23.462042,30.660222,G,-179,-0.000598,UUN,2741,22,177,81,27,13,137,130,124,7,47,47
49,"<a HREF=""#"" onclick=""getObjectSearchInfo(jQuery, 2, this); return false;"">Large Magellanic Cloud</a>",80.894167,-69.756111,G,278,0.000927,SUN,8103,9,51,32,19,6,824,565,115,0,48,48
50,"<a HREF=""#"" onclick=""getObjectSearchInfo(jQuery, 2, this); return false;"">MESSIER 081</a>",148.888221,69.065295,G,-39,-0.000130,UUN,2755,48,294,111,67,8,99,117,200,56,49,49
51,"<a HREF=""#"" onclick=""getObjectSearchInfo(jQuery, 2, this); return false;"">MESSIER 095</a>",160.990603,11.703740,G,779,0.002598,S1L,1033,19,318,108,65,12,62,79,150,30,50,50
52,"<a HREF=""#"" onclick=""getObjectSearchInfo(jQuery, 2, this); return false;"">MESSIER 096</a>",161.690353,11.820001,G,888,0.002962,S1L,868,21,207,56,44,14,71,91,45,13,51,51
53,"<a HREF=""#"" onclick=""getObjectSearchInfo(jQuery, 2, this); return false;"">MESSIER 106</a>",184.739603,47.303973,G,461,0.001538,S1L,1406,35,237,98,88,12,95,103,71,11,52,52
54,"<a HREF=""#"" onclick=""getObjectSearchInfo(jQuery, 2, this); return false;"">MESSIER 100</a>",185.728590,15.821635,G,1571,0.005240,UUN,1683,38,324,123,66,13,69,111,166,32,53,53
55,"<a HREF=""#"" onclick=""getObjectSearchInfo(jQuery, 2, this); return false;"">NGC 4535</a>",188.584581,8.197915,G,1964,0.006551,S1L,647,13,112,68,41,8,53,87,82,5,54,54
56,"<a HREF=""#"" onclick=""getObjectSearchInfo(jQuery, 2, this); return false;"">NGC 4881</a>",194.990631,28.246550,G,6740,0.022482,SUN,196,5,62,17,21,7,15,14,2,0,55,55
57,"<a HREF=""#"" onclick=""getObjectSearchInfo(jQuery, 2, this); return false;"">NGC 4536</a>",188.612776,2.188235,G,1808,0.006031,SUN,908,16,276,98,53,12,84,112,111,27,56,56
58,"<a HREF=""#"" onclick=""getObjectSearchInfo(jQuery, 2, this); return false;"">WISEA J195859.25-561527.7</a>",299.746881,-56.257704,G,12137,0.040485,SLS,47,1,31,7,5,4,13,11,2,1,57,57
59,"<a HREF=""#"" onclick=""getObjectSearchInfo(jQuery, 2, this); return false;"">FCCB 0602</a>",52.366227,-37.272632,G,19202,0.064051,SLS,60,0,36,12,5,2,26,23,2,1,58,58
60,"<a HREF=""#"" onclick=""getObjectSearchInfo(jQuery, 2, this); return false;"">ABELL 0194</a>",21.421765,-1.407940,GClstr,5390,0.017979,UUN,305,4,0,7,14,0,5,0,3,0,59,59
61,"<a HREF=""#"" onclick=""getObjectSearchInfo(jQuery, 2, this); return false;"">ABELL 0262</a>",28.193750,36.151944,GClstr,4860,0.016211,UUN,555,8,11,27,52,0,3,0,5,0,60,60
62,"<a HREF=""#"" onclick=""getObjectSearchInfo(jQuery, 2, this); return false;"">ABELL 0400</a>",44.414093,6.009466,GClstr,7281,0.024287,UUN,337,4,5,8,16,0,4,0,3,0,61,61
63,"<a HREF=""#"" onclick=""getObjectSearchInfo(jQuery, 2, this); return false;"">ABELL 0539</a>",79.154896,6.442958,GClstr,8710,0.029053,UUN,222,3,0,10,17,0,3,0,3,0,62,62
64,"<a HREF=""#"" onclick=""getObjectSearchInfo(jQuery, 2, this); return false;"">Hydra CLUSTER</a>",159.177958,-27.528583,GClstr,3714,0.012389,UUN,533,4,4,25,31,0,3,0,5,0,63,63
65,"<a HREF=""#"" onclick=""getObjectSearchInfo(jQuery, 2, this); return false;"">ABELL 1367</a>",176.156065,19.762455,GClstr,6562,0.021888,UUN,677,8,5,12,31,0,4,0,4,0,64,64
66,"<a HREF=""#"" onclick=""getObjectSearchInfo(jQuery, 2, this); return false;"">Coma Cluster</a>",194.953000,27.981000,GClstr,7194,0.023997,SUN,1828,7,32,22,60,0,10,2,11,0,65,65
67,"<a HREF=""#"" onclick=""getObjectSearchInfo(jQuery, 2, this); return false;"">ABELL 2634</a>",354.607083,27.012500,GClstr,9343,0.031165,UUN,406,6,6,16,27,0,1,0,6,0,66,66
68,"<a HREF=""#"" onclick=""getObjectSearchInfo(jQuery, 2, this); return false;"">ABELL 3381</a>",92.480804,-33.594246,GClstr,11358,0.037886,UUN,70,2,0,1,2,0,4,0,2,0,67,67
69,"<a HREF=""#"" onclick=""getObjectSearchInfo(jQuery, 2, this); return false;"">ABELL 3574</a>",207.333878,-30.308603,GClstr,4673,0.015587,UUN,102,3,0,4,7,0,3,0,2,0,68,68
70,"<a HREF=""#"" onclick=""getObjectSearchInfo(jQuery, 2, this); return false;"">ABELL 4038</a>",356.937667,-28.140611,GClstr,8950,0.029854,UUN,259,5,5,29,40,0,4,0,3,0,69,69
71,"<a HREF=""#"" onclick=""getObjectSearchInfo(jQuery, 2, this); return false;"">Fornax CLUSTER</a>",54.620833,-35.450278,GClstr,1425,0.004753,UUN,579,3,2,17,27,0,43,0,0,0,70,70
72,"<a HREF=""#"" onclick=""getObjectSearchInfo(jQuery, 2, this); return false;"">ABELL S0636</a>",157.497880,-35.326714,GClstr,2928,0.009767,SST,113,0,0,3,6,0,18,0,2,0,71,71
73,"<a HREF=""#"" onclick=""getObjectSearchInfo(jQuery, 2, this); return false;"">ABELL S0639</a>",160.141154,-46.194783,GClstr,6326,0.021100,SUN,28,4,0,1,1,0,3,0,1,0,72,72
74,"<a HREF=""#"" onclick=""getObjectSearchInfo(jQuery, 2, this); return false;"">ABELL S0753</a>",210.897110,-33.984242,GClstr,3957,0.013200,SUN,68,3,1,6,13,0,3,0,1,0,73,73
75,"<a HREF=""#"" onclick=""getObjectSearchInfo(jQuery, 2, this); return false;"">Virgo Cluster</a>",187.697167,12.338972,GClstr,1307,0.004360,UUN,1432,7,3,9,14,0,51,0,1,0,74,74
76,"<a HREF=""#"" onclick=""getObjectSearchInfo(jQuery, 2, this); return false;"">Pavo I GROUP</a>",304.549005,-70.888572,GGroup,4107,0.013700,UUN,35,0,1,2,2,0,1,0,0,0,75,75
77,"<a HREF=""#"" onclick=""getObjectSearchInfo(jQuery, 2, this); return false;"">Eridanus GROUP</a>",52.057389,-20.744385,GGroup,1670,0.005570,UUN,69,1,0,1,1,0,5,0,0,0,76,76
78,"<a HREF=""#"" onclick=""getObjectSearchInfo(jQuery, 2, this); return false;"">Dorado GROUP</a>",64.266443,-56.128476,GGroup,929,0.003099,SUN,49,1,0,1,1,0,3,0,0,0,77,77
79,"<a HREF=""#"" onclick=""getObjectSearchInfo(jQuery, 2, this); return false;"">WISEA J100901.19-263836.3</a>",152.254981,-26.643423,G,13370,0.044598,SUN,51,0,33,8,6,2,16,15,2,0,78,78
80,"<a HREF=""#"" onclick=""getObjectSearchInfo(jQuery, 2, this); return false;"">GALEXASC J212817.31-613306.5</a>",322.072152,-61.551825,G,22484,0.075000,SUN,58,0,4,2,1,0,29,24,1,0,79,79
81,"<a HREF=""#"" onclick=""getObjectSearchInfo(jQuery, 2, this); return false;"">APMUKS(BJ) B230147.96-373644.6</a>",346.142934,-37.342433,G,30279,0.101000,SUN,50,0,1,1,1,0,27,25,0,0,80,80
82,"<a HREF=""#"" onclick=""getObjectSearchInfo(jQuery, 2, this); return false;"">WISEA J001038.14-495651.5</a>",2.658922,-49.947641,G,18287,0.061000,SUN,34,0,18,6,4,0,11,10,1,1,81,81
83,"<a HREF=""#"" onclick=""getObjectSearchInfo(jQuery, 2, this); return false;"">WISEA J074156.99-623114.8</a>",115.487490,-62.520785,G,10566,0.035244,SLS,58,0,31,8,6,2,19,15,2,1,82,82
84,"<a HREF=""#"" onclick=""getObjectSearchInfo(jQuery, 2, this); return false;"">LSBG F119-024</a>",74.861621,-58.830014,G,13491,0.045000,SUN,56,0,12,4,3,0,27,22,1,0,83,83
85,"<a HREF=""#"" onclick=""getObjectSearchInfo(jQuery, 2, this); return false;"">WISEA J033638.38-182112.0</a>",54.159944,-18.353358,G,23684,0.079000,SUN,59,0,39,8,4,2,27,22,2,0,84,84
86,"<a HREF=""#"" onclick=""getObjectSearchInfo(jQuery, 2, this); return false;"">WISEA J213459.35-624413.7</a>",323.747295,-62.737156,G,15162,0.050575,SLS,69,0,28,8,6,2,31,24,2,1,85,85
87,"<a HREF=""#"" onclick=""getObjectSearchInfo(jQuery, 2, this); return false;"">SN 1970G</a>",210.753708,54.242528,SN,,,,141,0,4,8,0,0,4,4,0,0,86,86
88,"<a HREF=""#"" onclick=""getObjectSearchInfo(jQuery, 2, this); return false;"">SN 1987A</a>",83.866615,-69.269752,SN,670,0.002235,UUN,2201,0,54,7,2,0,27,26,19,0,87,87
89,"<a HREF=""#"" onclick=""getObjectSearchInfo(jQuery, 2, this); return false;"">SN 1989L</a>",339.457250,23.786860,SN,,,,31,0,0,4,0,0,2,2,1,0,88,88
90,"<a HREF=""#"" onclick=""getObjectSearchInfo(jQuery, 2, this); return false;"">SN 1990O</a>",258.900688,16.322032,SN,,,,65,1,1,2,0,0,24,19,1,0,89,89
91,"<a HREF=""#"" onclick=""getObjectSearchInfo(jQuery, 2, this); return false;"">SN 1990T</a>",299.759556,-56.258349,SN,,,,40,0,0,2,0,0,12,10,0,0,90,90
92,"<a HREF=""#"" onclick=""getObjectSearchInfo(jQuery, 2, this); return false;"">SN 1990af</a>",323.747521,-62.737091,SN,,,,70,0,3,2,0,0,30,24,0,0,91,91
93,"<a HREF=""#"" onclick=""getObjectSearchInfo(jQuery, 2, this); return false;"">SN 1991S</a>",157.365790,22.012890,SN,,,,47,0,0,3,0,0,11,10,0,0,92,92
94,"<a HREF=""#"" onclick=""getObjectSearchInfo(jQuery, 2, this); return false;"">SN 1991U</a>",200.841926,-26.109146,SN,,,,44,0,1,2,0,0,16,15,0,0,93,93
95,"<a HREF=""#"" onclick=""getObjectSearchInfo(jQuery, 2, this); return false;"">SN 1991ag</a>",300.035868,-55.367541,SN,,,,49,0,1,2,0,0,18,17,0,0,94,94
96,"<a HREF=""#"" onclick=""getObjectSearchInfo(jQuery, 2, this); return false;"">SN 1992J</a>",152.250283,-26.642144,SN,,,,41,0,0,2,0,0,15,15,0,0,95,95
97,"<a HREF=""#"" onclick=""getObjectSearchInfo(jQuery, 2, this); return false;"">SN 1992P</a>",190.703960,10.360420,SN,,,,64,0,2,3,0,0,29,25,0,0,96,96
98,"<a HREF=""#"" onclick=""getObjectSearchInfo(jQuery, 2, this); return false;"">SN 1992ae</a>",322.074760,-61.550380,SN,,,,59,0,1,2,0,0,28,24,0,0,97,97
99,"<a HREF=""#"" onclick=""getObjectSearchInfo(jQuery, 2, this); return false;"">SN 1992ag</a>",201.041058,-23.878802,SN,,,,56,0,4,2,0,0,23,21,0,0,98,98
100,"<a HREF=""#"" onclick=""getObjectSearchInfo(jQuery, 2, this); return false;"">SN 1992al</a>",311.485384,-51.394406,SN,,,,66,0,4,2,0,0,20,16,0,0,99,99
101,"<a HREF=""#"" onclick=""getObjectSearchInfo(jQuery, 2, this); return false;"">SN 1992aq</a>",346.147257,-37.345317,SN,,,,52,0,0,2,0,0,27,25,0,0,100,100
102,"<a HREF=""#"" onclick=""getObjectSearchInfo(jQuery, 2, this); return false;"">SN 1992au</a>",2.668664,-49.945919,SN,,,,31,0,0,2,0,0,10,10,0,0,101,101
103,"<a HREF=""#"" onclick=""getObjectSearchInfo(jQuery, 2, this); return false;"">SN 1992bc</a>",46.316884,-39.559597,SN,,,,93,0,5,2,0,0,28,23,0,0,102,102
104,"<a HREF=""#"" onclick=""getObjectSearchInfo(jQuery, 2, this); return false;"">SN 1992bg</a>",115.485632,-62.519456,SN,,,,48,0,1,2,0,0,18,15,0,0,103,103
105,"<a HREF=""#"" onclick=""getObjectSearchInfo(jQuery, 2, this); return false;"">SN 1992bh</a>",74.862819,-58.830399,SN,,,,53,0,3,2,0,0,26,22,0,0,104,104
106,"<a HREF=""#"" onclick=""getObjectSearchInfo(jQuery, 2, this); return false;"">SN 1992bk</a>",55.758691,-53.618734,SN,,,,33,0,0,2,0,0,15,14,0,0,105,105
107,"<a HREF=""#"" onclick=""getObjectSearchInfo(jQuery, 2, this); return false;"">SN 1992bl</a>",348.804529,-44.743263,SN,,,,54,0,2,2,0,0,26,22,0,0,106,106
108,"<a HREF=""#"" onclick=""getObjectSearchInfo(jQuery, 2, this); return false;"">SN 1992bo</a>",20.492451,-34.211997,SN,,,,90,0,5,2,0,0,27,22,0,0,107,107
109,"<a HREF=""#"" onclick=""getObjectSearchInfo(jQuery, 2, this); return false;"">SN 1992bp</a>",54.156901,-18.354166,SN,,,,54,0,3,2,0,0,26,22,0,0,108,108
110,"<a HREF=""#"" onclick=""getObjectSearchInfo(jQuery, 2, this); return false;"">SN 1992br</a>",26.438824,-56.101252,SN,,,,43,0,0,2,0,0,20,19,0,0,109,109
111,"<a HREF=""#"" onclick=""getObjectSearchInfo(jQuery, 2, this); return false;"">WISEA J014544.57-560551.6</a>",26.435739,-56.097688,G,26382,0.088000,SUN,46,0,28,6,3,2,20,19,2,0,110,110
112,"<a HREF=""#"" onclick=""getObjectSearchInfo(jQuery, 2, this); return false;"">SN 1992bs</a>",52.374892,-37.271847,SN,,,,48,0,1,2,0,0,25,21,0,0,111,111
113,"<a HREF=""#"" onclick=""getObjectSearchInfo(jQuery, 2, this); return false;"">SN 1993B</a>",158.717418,-34.441720,SN,,,,47,0,1,2,0,0,24,20,0,0,112,112
114,"<a HREF=""#"" onclick=""getObjectSearchInfo(jQuery, 2, this); return false;"">[MH93a] 103235.1-341103</a>",158.716996,-34.443109,G,20686,0.069000,SUN,46,0,0,1,1,0,25,20,1,0,113,113
115,"<a HREF=""#"" onclick=""getObjectSearchInfo(jQuery, 2, this); return false;"">SN 1993O</a>",202.784899,-33.215157,SN,,,,55,0,3,2,0,0,26,22,0,0,114,114
116,"<a HREF=""#"" onclick=""getObjectSearchInfo(jQuery, 2, this); return false;"">2MASX J13310895-3312576</a>",202.787280,-33.216070,G,15143,0.050510,SLS,67,0,11,9,6,2,27,22,2,0,115,115
117,"<a HREF=""#"" onclick=""getObjectSearchInfo(jQuery, 2, this); return false;"">NGC 0383 GROUP</a>",17.671746,32.189614,GGroup,5186,0.017300,SUN,39,1,2,1,2,0,0,0,1,0,116,116
118,"<a HREF=""#"" onclick=""getObjectSearchInfo(jQuery, 2, this); return false;"">MESSIER 096 GROUP</a>",162.144529,12.670804,GGroup,969,0.003232,SUN,124,2,0,1,3,0,0,0,1,0,117,117
119,"<a HREF=""#"" onclick=""getObjectSearchInfo(jQuery, 2, this); return false;"">NGC 3557 GROUP</a>",167.532574,-37.402123,GGroup,2843,0.009483,SUN,31,1,0,1,3,0,5,0,1,0,118,118
120,"<a HREF=""#"" onclick=""getObjectSearchInfo(jQuery, 2, this); return false;"">IC 3370 GROUP</a>",190.464635,-40.687453,GGroup,3041,0.010144,SUN,58,2,0,1,2,0,12,0,1,0,119,119
121,"<a HREF=""#"" onclick=""getObjectSearchInfo(jQuery, 2, this); return false;"">CEN 45</a>",192.204842,-41.041955,GGroup,4650,0.015511,SUN,22,2,0,1,1,0,6,0,0,0,120,120
122,"<a HREF=""#"" onclick=""getObjectSearchInfo(jQuery, 2, this); return false;"">ESO 508</a>",197.133551,-23.622397,GGroup,3196,0.010661,UUN,13,0,0,1,1,0,0,0,0,0,121,121
123,"<a HREF=""#"" onclick=""getObjectSearchInfo(jQuery, 2, this); return false;"">LGG 429</a>",301.428664,-55.993532,GGroup,4695,0.015661,SUN,9,0,0,1,1,0,3,0,0,0,122,122
124,"<a HREF=""#"" onclick=""getObjectSearchInfo(jQuery, 2, this); return false;"">Pegasus CLUSTER</a>",350.133729,8.190669,GClstr,3888,0.012970,UUN,117,0,0,1,1,0,3,0,0,0,123,123
125,"<a HREF=""#"" onclick=""getObjectSearchInfo(jQuery, 2, this); return false;"">UMa Cluster</a>",179.296451,49.288384,GClstr,899,0.003000,SUN,69,0,0,1,1,0,24,0,0,0,124,124
126,"<a HREF=""#"" onclick=""getObjectSearchInfo(jQuery, 2, this); return false;"">Cancer CLUSTER</a>",125.228963,21.074209,GClstr,4704,0.015690,UUN,94,0,0,1,1,0,3,0,0,0,125,125
127,"<a HREF=""#"" onclick=""getObjectSearchInfo(jQuery, 2, this); return false;"">SN 1993ac</a>",86.598250,63.368640,SN,14690,0.049000,SLS,49,0,0,3,1,0,19,16,0,0,126,126
128,"<a HREF=""#"" onclick=""getObjectSearchInfo(jQuery, 2, this); return false;"">SN 1993ae</a>",22.453670,-1.976980,SN,,,,45,0,1,5,0,0,14,13,0,0,127,127
129,"<a HREF=""#"" onclick=""getObjectSearchInfo(jQuery, 2, this); return false;"">SN 1993ag</a>",150.893738,-35.462631,SN,,,,56,0,3,2,0,0,26,22,0,0,128,128
130,"<a HREF=""#"" onclick=""getObjectSearchInfo(jQuery, 2, this); return false;"">WISEA J100335.44-352740.9</a>",150.897690,-35.461385,G,14718,0.049094,SLS,61,0,27,7,6,2,27,22,2,1,129,129
131,"<a HREF=""#"" onclick=""getObjectSearchInfo(jQuery, 2, this); return false;"">SN 1993ah</a>",357.959308,-27.961783,SN,,,,34,0,0,2,0,0,11,10,0,0,130,130
132,"<a HREF=""#"" onclick=""getObjectSearchInfo(jQuery, 2, this); return false;"">SN 1994M</a>",187.785880,0.605530,SN,6955,0.023200,SLS,77,1,2,4,1,0,29,24,0,0,131,131
133,"<a HREF=""#"" onclick=""getObjectSearchInfo(jQuery, 2, this); return false;"">SN 1994Q</a>",252.462750,40.432090,SN,8863,0.029564,SLS,52,1,1,3,1,0,13,12,0,0,132,132
134,"<a HREF=""#"" onclick=""getObjectSearchInfo(jQuery, 2, this); return false;"">SN 1994S</a>",187.840920,29.134500,SN,4550,0.015177,SLS,85,1,4,4,1,0,27,22,0,0,133,133
135,"<a HREF=""#"" onclick=""getObjectSearchInfo(jQuery, 2, this); return false;"">SN 1994T</a>",200.377880,-2.149470,SN,10390,0.034656,SLS,44,0,2,3,1,0,22,22,0,0,134,134
136,"<a HREF=""#"" onclick=""getObjectSearchInfo(jQuery, 2, this); return false;"">NGC 4493</a>",187.784875,0.613702,G,6920,0.023083,SLS,130,0,81,25,22,10,30,25,2,2,135,135
137,"<a HREF=""#"" onclick=""getObjectSearchInfo(jQuery, 2, this); return false;"">SN 1995ac</a>",341.392250,-8.751310,SN,15006,0.050055,SLS,64,0,3,4,1,0,25,21,0,0,136,136
138,"<a HREF=""#"" onclick=""getObjectSearchInfo(jQuery, 2, this); return false;"">2MFGC 17122</a>",341.392144,-8.750778,G,14961,0.049904,SLS,90,0,64,22,17,6,26,22,2,2,137,137
139,"<a HREF=""#"" onclick=""getObjectSearchInfo(jQuery, 2, this); return false;"">SN 1995ak</a>",41.453460,3.230580,SN,6811,0.022719,SLS,48,0,3,4,1,0,26,21,0,0,138,138
140,"<a HREF=""#"" onclick=""getObjectSearchInfo(jQuery, 2, this); return false;"">SN 1996C</a>",207.746194,49.343600,SN,8094,0.027000,SLS,60,0,2,2,1,0,27,22,1,0,139,139
141,"<a HREF=""#"" onclick=""getObjectSearchInfo(jQuery, 2, this); return false;"">WISEA J003618.14+112335.3</a>",9.075618,11.393140,G,10781,0.035963,SLS,57,0,41,9,10,2,26,20,1,0,140,140
142,"<a HREF=""#"" onclick=""getObjectSearchInfo(jQuery, 2, this); return false;"">SN 1996bl</a>",9.074880,11.394580,SN,10793,0.036000,SLS,56,0,1,5,1,0,25,20,0,0,141,141
143,"<a HREF=""#"" onclick=""getObjectSearchInfo(jQuery, 2, this); return false;"">HDCE 1175</a>",330.801933,-31.991120,GGroup,2567,0.008563,SUN,17,0,0,1,3,0,4,0,0,0,142,142
144,"<a HREF=""#"" onclick=""getObjectSearchInfo(jQuery, 2, this); return false;"">NGC 0507 GROUP</a>",20.829460,33.360764,GGroup,5702,0.019020,SUN,77,0,7,2,7,0,5,0,0,0,143,143
